Var1,Var2,Freq,"""Dementia""_prior_count","""MCI""_prior_count","""Normal""_prior_count","""Other""_prior_count"
Black,0,723,255.92172897196264,82.7733644859813,259.3002336448598,125.00467289719626
Hispanic,0,432,152.9158878504673,49.45794392523364,154.93457943925236,74.69158878504672
White,0,5247,1857.2908878504675,600.7079439252336,1881.8095794392525,907.1915887850466
Black,1,128,45.308411214953274,14.654205607476635,45.90654205607477,22.130841121495326
Hispanic,1,54,19.114485981308412,6.182242990654205,19.366822429906545,9.33644859813084
White,1,813,287.7792056074767,93.07710280373831,291.5782710280374,140.56542056074767
